epoch,time(s),train_loss,test_loss,test_error(%)
001,00195,1.543940,0.00124,43.91
002,00197,1.315034,0.00100,35.56
003,00198,1.211872,0.00081,26.52
004,00195,1.148874,0.00078,25.67
005,00201,1.099501,0.00070,22.14
006,00187,1.043984,0.00066,21.05
007,00193,1.034137,0.00068,23.31
008,00196,1.014973,0.00063,20.27
