epoch,time(s),train_loss,test_loss,test_error(%)
001,00127,1.565332,0.00125,43.40
002,00132,1.324166,0.00096,32.32
003,00135,1.208287,0.00081,26.04
004,00133,1.173178,0.00079,23.85
005,00129,1.120402,0.00071,22.24
006,00132,1.070472,0.00066,20.47
007,00133,1.052220,0.00068,22.16
008,00131,1.034357,0.00062,19.50
009,00134,1.030801,0.00063,20.19
010,00133,1.051091,0.00062,19.17
011,00134,1.013816,0.00058,17.17
